info,sequence,model_name,protbert_mean_embedding,protbert_cls_embedding,protbert_max_embedding,protbert_weighted_embedding,Gene3D,PRINTS,blast_results,has_subfamily_4,has_subfamily_1
N9923_NR4_N3282_NR1_0,VSLISSLVRAHIDSNPAATKLDYSKFQESVSYQSEKEDANDIQQFYDLLTGSMEVIRKWAEKIPGFSELPKEDQELLLESAFLELFILRLAYRSNPEEDKLIFCNGVVLHRMQCVRGFGEWIDSILEFSQSLHRMNIDVSSFSCLAALVIITDRHGLKEPKKVEDLQNRIISCLKDHVTSSSGGSNRPNYLSKLLGKLPELRTLCTQGLQRIFYLKLEDLVPPPPIVDKIFMDTLPFPGPPP,yarongef/DistilProtBert,"[-0.20217812  0.01206836  0.06462333 ...  0.03923155 -0.03432887
  0.05827986]","[ 0.00796172  0.09960548 -0.03896787 ... -0.20555606 -0.09956763
 -0.26243022]",[0.06469958 0.2723609  0.23590845 ... 0.22331558 0.20939991 0.26624477],"[-0.11102492  0.00089235  0.03691903 ...  0.01983201 -0.01743357
  0.0319379 ]",Nuclear hormone receptor-like domain superfamily,Nuclear hormone receptor; Nuclear hormone receptor; Nuclear hormone receptor; Nuclear hormone receptor; Nuclear receptor subfamily 4 group A member 2; Nuclear receptor subfamily 4 group A member 2; Nuclear receptor subfamily 4 group A member 1-3; Nuclear receptor subfamily 4 group A member 1-3; Nuclear receptor subfamily 4 group A member 1-3; Nuclear receptor subfamily 4 group A member 1-3; Nuclear receptor subfamily 4 group A member 1-3; Nuclear receptor subfamily 4 group A member 1-3,dummy_NR4,True,False
N9923_NR4_N3282_NR1_1,ESLISSLVRAHIDSNPAATKLDYSKFQESVSYQSEKEDANDIQQFYDLLTGSMEVIRKWAEKIPGFSELPKEDQELLLESAFLELFILRLAYRSNPEEDKLIFCNGVVLHRMQCVRGFGEWIDSILEFSQSLHRMNIDVSSFSCLAALVIITDRHGLKEPKKVEDLQNRIISCLKDHVTSSSGGSNRPNYLSKLLGKLPELRTLCTQGLQRIFYLKLEDLVPPPPIVDKIFMDTLPFPGPPP,yarongef/DistilProtBert,"[-0.2008942   0.01137153  0.06229981 ...  0.04271285 -0.03151713
  0.05781488]","[ 0.0103668   0.10188565 -0.03824273 ... -0.20512748 -0.0985576
 -0.25735772]",[0.06669398 0.27177727 0.23510906 ... 0.2270791  0.21527952 0.2670285 ],"[-0.11060218  0.00058484  0.03572334 ...  0.0213248  -0.01610866
  0.03151424]",Nuclear hormone receptor-like domain superfamily,Nuclear hormone receptor; Nuclear hormone receptor; Nuclear hormone receptor; Nuclear hormone receptor; Nuclear receptor subfamily 4 group A member 2; Nuclear receptor subfamily 4 group A member 2; Nuclear receptor subfamily 4 group A member 1-3; Nuclear receptor subfamily 4 group A member 1-3; Nuclear receptor subfamily 4 group A member 1-3; Nuclear receptor subfamily 4 group A member 1-3; Nuclear receptor subfamily 4 group A member 1-3; Nuclear receptor subfamily 4 group A member 1-3,dummy_NR4,True,False
N9923_NR4_N3282_NR1_2,EELISSLVRAHIDSNPAATKLDYSKFQESVSYQSEKEDANDIQQFYDLLTGSMEVIRKWAEKIPGFSELPKEDQELLLESAFLELFILRLAYRSNPEEDKLIFCNGVVLHRMQCVRGFGEWIDSILEFSQSLHRMNIDVSSFSCLAALVIITDRHGLKEPKKVEDLQNRIISCLKDHVTSSSGGSNRPNYLSKLLGKLPELRTLCTQGLQRIFYLKLEDLVPPPPIVDKIFMDTLPFPGPPP,yarongef/DistilProtBert,"[-0.20047206  0.010431    0.0625105  ...  0.0417204  -0.03396071
  0.05955207]","[ 0.00544993  0.09858403 -0.04134254 ... -0.20689732 -0.0997011
 -0.26220804]",[0.06592853 0.27132773 0.23710707 ... 0.22726123 0.2128993  0.2683609 ],"[-0.11048825  0.00019155  0.03613209 ...  0.02082109 -0.01734202
  0.03179147]",Nuclear hormone receptor-like domain superfamily,Nuclear hormone receptor; Nuclear hormone receptor; Nuclear hormone receptor; Nuclear hormone receptor; Nuclear receptor subfamily 4 group A member 2; Nuclear receptor subfamily 4 group A member 2; Nuclear receptor subfamily 4 group A member 1-3; Nuclear receptor subfamily 4 group A member 1-3; Nuclear receptor subfamily 4 group A member 1-3; Nuclear receptor subfamily 4 group A member 1-3; Nuclear receptor subfamily 4 group A member 1-3; Nuclear receptor subfamily 4 group A member 1-3,dummy_NR1,True,False
